{"cameraMode":{"drawMode":0,"name":"Shaded","section":"Shading Mode"},"sceneLighting":false,"audioPlay":false,"sceneViewState":{"showFog":true,"showMaterialUpdate":false,"showSkybox":false,"showFlares":true,"showImageEffects":true,"showParticleSystems":true,"showVisualEffectGraphs":true,"m_FxEnabled":true},"in2DMode":false,"pivot":{"x":0.12678134441375733,"y":-0.3035496473312378,"z":0.032317936420440677},"rotation":{"x":-0.12202921509742737,"y":0.8454803824424744,"z":-0.47160616517066958,"w":-0.21876999735832215},"size":2.8689310550689699,"orthographic":false}