{"cameraMode":{"drawMode":0,"name":"Shaded","section":"Shading Mode"},"sceneLighting":false,"audioPlay":false,"sceneViewState":{"showFog":true,"showMaterialUpdate":false,"showSkybox":false,"showFlares":true,"showImageEffects":true,"showParticleSystems":true,"showVisualEffectGraphs":true,"m_FxEnabled":true},"in2DMode":false,"pivot":{"x":0.04420208930969238,"y":0.32618701457977297,"z":-0.07468700408935547},"rotation":{"x":-0.12202921509742737,"y":0.8454803824424744,"z":-0.47160616517066958,"w":-0.21876999735832215},"size":2.7517194747924806,"orthographic":false}