{"cameraMode":{"drawMode":0,"name":"Shaded","section":"Shading Mode"},"sceneLighting":false,"audioPlay":false,"sceneViewState":{"showFog":true,"showMaterialUpdate":false,"showSkybox":false,"showFlares":true,"showImageEffects":true,"showParticleSystems":true,"showVisualEffectGraphs":true,"m_FxEnabled":true},"in2DMode":false,"pivot":{"x":0.17640948295593263,"y":-0.02429097890853882,"z":-0.2915380001068115},"rotation":{"x":0.10704388469457627,"y":0.8206883668899536,"z":-0.5368796586990356,"w":0.16363029181957246},"size":2.367647171020508,"orthographic":false}