{"cameraMode":{"drawMode":0,"name":"Shaded","section":"Shading Mode"},"sceneLighting":false,"audioPlay":false,"sceneViewState":{"showFog":true,"showMaterialUpdate":false,"showSkybox":false,"showFlares":true,"showImageEffects":true,"showParticleSystems":true,"showVisualEffectGraphs":true,"m_FxEnabled":true},"in2DMode":false,"pivot":{"x":0.17600607872009278,"y":-0.022817015647888185,"z":0.005756974220275879},"rotation":{"x":0.1032441034913063,"y":0.890093207359314,"z":-0.3661994934082031,"w":0.25094741582870486},"size":2.725666046142578,"orthographic":false}